drug_a,drug_b,brand_a,brand_b,base_risk,is_extended_release_a,is_extended_release_b,is_delayed_release_a,is_delayed_release_b,route_match,strength_ratio,same_manufacturer,has_patent_a,has_patent_b,risk_modifier,actual_risk_change,explanation
paroxetine,tamoxifen,PAXIL CR,NOLVADEX,0.72,1,0,0,0,1,0.625,0,0,0,potentiates,-0.04,"Extended release coating on Paxil CR may slow absorption reducing peak concentration interaction"
warfarin,aspirin,COUMADIN,BAYER ASPIRIN,0.85,0,0,0,0,1,1.0,0,0,0,potentiates,0.05,"Immediate release formulations maximize concurrent peak levels"
metformin,glipizide,GLUCOPHAGE XR,GLUCOTROL XL,0.45,1,1,0,0,1,1.0,0,0,0,mitigates,-0.10,"Both extended release formulations reduce peak concentration overlap"
metformin,glipizide,GLUCOPHAGE,GLUCOTROL,0.45,0,0,0,0,1,1.0,0,0,0,neutral,0.0,"Immediate release forms have standard interaction profile"
omeprazole,clopidogrel,PRILOSEC,PLAVIX,0.78,0,0,1,0,1,1.0,0,0,0,potentiates,0.08,"Delayed release omeprazole still inhibits CYP2C19 affecting clopidogrel activation"
omeprazole,clopidogrel,PRILOSEC OTC,PLAVIX,0.78,0,0,1,0,1,0.5,0,0,0,mitigates,-0.03,"Lower strength OTC formulation may have reduced CYP2C19 inhibition"
levothyroxine,calcium,SYNTHROID,CALTRATE,0.65,0,0,0,0,1,1.0,0,0,0,potentiates,0.0,"Standard tablet formulations have typical absorption interference"
levothyroxine,calcium,TIROSINT,CALTRATE,0.65,0,0,0,0,1,1.0,0,0,0,mitigates,-0.12,"Liquid-filled capsule formulation of Tirosint improves absorption despite calcium"
ciprofloxacin,antacid,CIPRO,MAALOX,0.70,0,0,0,0,1,1.0,0,0,0,potentiates,0.05,"Standard tablet has full chelation interaction with antacids"
ciprofloxacin,antacid,CIPRO XR,MAALOX,0.70,1,0,0,0,1,1.0,0,0,0,mitigates,-0.08,"Extended release matrix may reduce chelation window"
fluoxetine,tramadol,PROZAC,ULTRAM,0.82,0,0,0,0,1,1.0,0,0,0,potentiates,0.03,"SSRI-opioid serotonin syndrome risk with immediate release forms"
fluoxetine,tramadol,PROZAC WEEKLY,ULTRAM ER,0.82,1,1,0,0,1,1.0,0,0,0,mitigates,-0.07,"Both extended release reduces peak serotonin surge risk"
simvastatin,amlodipine,ZOCOR,NORVASC,0.68,0,0,0,0,1,1.0,0,0,0,neutral,0.0,"Standard tablet interaction through CYP3A4 inhibition"
simvastatin,diltiazem,ZOCOR,CARDIZEM CD,0.75,0,1,0,0,1,1.0,0,0,0,mitigates,-0.05,"Extended release diltiazem may reduce peak CYP3A4 inhibition"
phenytoin,valproic_acid,DILANTIN,DEPAKOTE,0.72,0,0,0,1,1,1.0,0,0,0,mitigates,-0.06,"Delayed release valproate reduces protein binding displacement peak"
phenytoin,valproic_acid,DILANTIN,DEPAKENE,0.72,0,0,0,0,1,1.0,0,0,0,potentiates,0.04,"Immediate release valproate maximizes protein binding competition"
digoxin,amiodarone,LANOXIN,CORDARONE,0.80,0,0,0,0,1,1.0,0,0,0,potentiates,0.02,"Standard formulations have full interaction potential"
digoxin,amiodarone,LANOXIN,PACERONE,0.80,0,0,0,0,1,1.0,0,0,0,neutral,0.0,"Similar formulation profile to branded amiodarone"
lithium,ibuprofen,LITHOBID,ADVIL,0.73,1,0,0,0,1,1.0,0,0,0,mitigates,-0.08,"Extended release lithium has more stable levels reducing NSAID impact"
lithium,ibuprofen,ESKALITH,MOTRIN,0.73,0,0,0,0,1,1.0,0,0,0,potentiates,0.05,"Immediate release lithium more susceptible to NSAID-induced retention"
carbamazepine,erythromycin,TEGRETOL XR,ERY-TAB,0.77,1,0,0,1,1,1.0,0,0,0,mitigates,-0.09,"Both modified release formulations reduce peak interaction"
carbamazepine,erythromycin,TEGRETOL,ERYTHROCIN,0.77,0,0,0,0,1,1.0,0,0,0,potentiates,0.06,"Immediate release forms maximize CYP3A4 inhibition effect"
theophylline,ciprofloxacin,THEO-24,CIPRO,0.81,1,0,0,0,1,1.0,0,0,0,mitigates,-0.05,"Extended release theophylline buffers against fluoroquinolone inhibition"
theophylline,ciprofloxacin,THEODUR,CIPRO,0.81,1,0,0,0,1,1.0,0,0,0,mitigates,-0.05,"Extended release formulation provides similar protection"
methotrexate,nsaid,TREXALL,CELEBREX,0.79,0,0,0,0,1,1.0,0,0,0,potentiates,0.03,"Standard tablet with selective COX-2 inhibitor"
methotrexate,nsaid,RASUVO,CELEBREX,0.79,0,0,0,0,0,1.0,0,0,0,mitigates,-0.10,"Subcutaneous injection route avoids GI absorption competition"
tacrolimus,fluconazole,PROGRAF,DIFLUCAN,0.84,0,0,0,0,1,1.0,0,0,0,potentiates,0.04,"Oral formulations have full CYP3A4 interaction"
tacrolimus,fluconazole,ASTAGRAF XL,DIFLUCAN,0.84,1,0,0,0,1,1.0,0,0,0,mitigates,-0.06,"Extended release tacrolimus may have more stable levels"
cyclosporine,st_johns_wort,NEORAL,ST JOHNS WORT,0.88,0,0,0,0,1,1.0,0,0,0,potentiates,0.05,"Microemulsion formulation fully exposed to CYP3A4 induction"
cyclosporine,st_johns_wort,SANDIMMUNE,ST JOHNS WORT,0.88,0,0,0,0,1,1.0,0,0,0,potentiates,0.03,"Original formulation has variable absorption anyway"
gabapentin,morphine,NEURONTIN,MS CONTIN,0.55,0,1,0,0,1,1.0,0,0,0,mitigates,-0.08,"Extended release morphine reduces CNS depression peak"
gabapentin,morphine,GRALISE,KADIAN,0.55,1,1,0,0,1,1.0,0,0,0,mitigates,-0.12,"Both extended release minimize concurrent peak sedation"
atorvastatin,gemfibrozil,LIPITOR,LOPID,0.71,0,0,0,0,1,1.0,0,0,0,potentiates,0.04,"Standard formulations have full glucuronidation interaction"
rosuvastatin,fenofibrate,CRESTOR,TRICOR,0.62,0,0,0,0,1,1.0,0,0,0,neutral,0.0,"Fenofibrate safer than gemfibrozil with statins"
losartan,potassium,COZAAR,K-DUR,0.58,0,1,0,0,1,1.0,0,0,0,mitigates,-0.06,"Extended release potassium reduces hyperkalemia spike risk"
losartan,potassium,COZAAR,KLOR-CON,0.58,0,0,0,0,1,1.0,0,0,0,potentiates,0.03,"Immediate release potassium increases hyperkalemia risk"
sertraline,maoi,ZOLOFT,NARDIL,0.95,0,0,0,0,1,1.0,0,0,0,potentiates,0.02,"Maximum serotonin syndrome risk - formulation has minimal effect"
venlafaxine,maoi,EFFEXOR XR,MARPLAN,0.94,1,0,0,0,1,1.0,0,0,0,mitigates,-0.01,"Extended release provides slight buffer but risk remains critical"
citalopram,pimozide,CELEXA,ORAP,0.89,0,0,0,0,1,1.0,0,0,0,potentiates,0.03,"QT prolongation risk with immediate release forms"
escitalopram,ondansetron,LEXAPRO,ZOFRAN ODT,0.67,0,0,0,0,1,1.0,0,0,0,neutral,0.0,"Orally disintegrating tablet has similar systemic exposure"
