symptom,drug_classes,first_line_drugs,second_line_drugs,avoid_drugs,notes,source,severity_level
anxiety and nervousness,ssri|snri|benzodiazepine_short_term|beta_blocker,escitalopram|sertraline,buspirone|diazepam,long_term_benzodiazepines|caffeine|stimulant,cbt therapy recommended. benzodiazepines short duration only.,nice|dsm5|mayo_clinic,mild_moderate
depression,ssri|snri|atypical_antidepressants,fluoxetine|sertraline,venlafaxine|bupropion,maoi|alcohol,monitor suicide risk and combine with cbt,nice|who|dsm5,moderate_severe
shortness of breath,bronchodilator|corticosteroid,salbutamol inhaler,ipratropium bromide|prednisolone,sedative|opioid,identify underlying cause such as asthma copd cardiac or anxiety,gina|gold|aha,variable
depressive or psychotic symptoms,antidepressant|antipsychotic,sertraline|risperidone,olanzapine|quetiapine,benzodiazepines_long_term|alcohol,requires psychiatric evaluation and suicide risk monitoring,apa|dsm5,severe
sharp chest pain,nsaid|antiplatelet|nitrate,aspirin|nitroglycerin,morphine|beta blockers,nsaids_in_peptic_ulcer|delay_in_emergency_care,rule out myocardial infarction and seek urgent evaluation,aha|acc,severe
dizziness,antihistamine|anticholinergics|benzodiazepine,meclizine|betahistine,diazepam|prochlorperazine,alcohol|sedative,identify underlying cause such as vertigo hypotension or dehydration,mayo_clinic|nice|who,mild_moderate
insomnia,nonbenzodiazepine_hypnotic|melatonin_receptor_agonist|sedating_antidepressant,zolpidem|melatonin,trazodone|eszopiclone,alcohol|long_term_benzodiazepines,emphasize sleep hygiene and cognitive behavioral therapy for insomnia,nice|aasm|mayo_clinic,mild_moderate
abnormal involuntary movements,dopamine_depleting_agent|benzodiazepine|anticholinergics,tetrabenazine|clonazepam,trihexyphenidyl|valbenazine,antipsychotics_causing_tardive_dyskinesia|stimulant,assess for medication induced movement disorders such as tardive dyskinesia or parkinsonism,apa|nice|who,moderate_severe
chest tightness,bronchodilator|corticosteroid|antihistamine,salbutamol inhaler|prednisolone,ipratropium bromide|montelukast,beta_blockers_in_asthma|smoking,evaluate for asthma allergy or cardiac causes,gina|aha|mayo_clinic,moderate_severe
palpitations,beta_blocker|antiarrhythmic,propranolol|metoprolol,amiodarone|verapamil,stimulant|excess_caffeine,assess thyroid levels anxiety and cardiac rhythm,aha|acc|mayo_clinic,mild_moderate
irregular heartbeat,antiarrhythmic|beta_blocker|calcium_channel_blocker,amiodarone|metoprolol,diltiazem|sotalol,stimulant|untreated_electrolyte_imbalance,require ecg evaluation and manage underlying cause,aha|acc,severe
breathing fast,bronchodilator|anxiolytic|oxygen_therapy,salbutamol|oxygen,diazepam short term,opioid|sedative,identify cause such as anxiety asthma or metabolic acidosis,gina|mayo_clinic|who,moderate
hoarse voice,corticosteroid|ppi|antihistamine,prednisolone|omeprazole,famotidine|loratadine,smoking|voice_overuse,evaluate for laryngitis reflux or vocal strain,mayo_clinic|nice,mild
sore throat,analgesics|antiseptics|antibiotics_if_bacterial,paracetamol|amoxicillin,ibuprofen|azithromycin,unnecessary_antibiotic_use|smoking,most cases are viral and self limiting,who|nice,mild
difficulty speaking,corticosteroid|speech_therapy_agents|ppi,prednisolone|omeprazole,betamethasone|ranitidine,smoking|voice_overuse,evaluate for laryngitis stroke or reflux,mayo_clinic|nice,moderate_severe
cough,antitussives|expectorants|bronchodilator,dextromethorphan|guaifenesin,salbutamol|codeine,smoking|ace_inhibitors,identify cause such as infection asthma or reflux,who|nice|mayo_clinic,mild_moderate
nasal congestion,antihistamine|decongestant|intranasal_corticosteroid,loratadine|oxymetazoline,fluticasone|cetirizine,long_term_topical_decongestants|smoking,often due to allergy or viral infection,nice|mayo_clinic,mild
throat swelling,antihistamine|corticosteroid|epinephrine,epinephrine|prednisolone,diphenhydramine|loratadine,delay_in_emergency_care|allergen_exposure,possible anaphylaxis requires urgent care,who|mayo_clinic|nice,severe
diminished hearing,corticosteroid|antibiotics_if_bacterial,prednisolone|amoxicillin,ciprofloxacin|loratadine,untreated_ear_infection|loud_noise_exposure,evaluate for infection wax or sensorineural loss,nice|mayo_clinic,mild_moderate
lump in throat,ppi|antidepressant|anxiolytic,omeprazole|sertraline,famotidine|diazepam,alcohol|smoking,often globus sensation linked to anxiety or reflux,mayo_clinic|nice,mild
throat feels tight,antihistamine|corticosteroid|anxiolytic,loratadine|prednisolone,diazepam short term|montelukast,allergen_exposure|smoking,assess for allergy anxiety or asthma,who|nice|mayo_clinic,moderate
difficulty in swallowing,ppi|corticosteroid|antibiotics_if_infection,omeprazole|prednisolone,amoxicillin|fluconazole,untreated_obstruction|smoking,evaluate for infection obstruction or neurological cause,nice|mayo_clinic,moderate_severe
skin swelling,antihistamine|corticosteroid|epinephrine,loratadine|prednisolone,epinephrine|diphenhydramine,allergen_exposure|delay_in_treatment,possible angioedema or allergic reaction,who|mayo_clinic|nice,moderate_severe
retention of urine,alpha_blocker|cholinergic_agonist|catheterization,tamsulosin|bethanechol,finasteride|suprapubic catheter,anticholinergics|opioid,assess for benign prostatic hyperplasia obstruction or neurological cause,nice|who|mayo_clinic,moderate_severe
groin mass,antibiotics|analgesics|surgical_management,amoxicillin|ibuprofen,cephalexin|naproxen,delay_in_surgical_evaluation,evaluate for hernia lymphadenopathy or abscess,nice|who,moderate
leg pain,nsaid|analgesics|anticoagulants_if_dvt,ibuprofen|paracetamol,enoxaparin|naproxen,delay_in_dvt_treatment|prolonged_immobility,assess for injury neuropathy or deep vein thrombosis,who|nice,mild
hip pain,nsaid|analgesics|corticosteroid_injections,ibuprofen|paracetamol,tramadol|prednisolone,long_term_opioid_use,evaluate for arthritis fracture or bursitis,nice|who,moderate
suprapubic pain,antibiotics|analgesics|antispasmodics,nitrofurantoin|paracetamol,trimethoprim|hyoscine,delay_in_urinary_infection_treatment,commonly due to urinary tract infection,who|nice,moderate
blood in stool,ppi|hemostatic_agents|iron_supplements,omeprazole|tranexamic acid,ferrous sulfate|sucralfate,nsaid|delay_in_colonoscopy,evaluate for gastrointestinal bleeding urgently,who|nice|mayo_clinic,severe
lack of growth,growth_hormone_therapy|nutritional_supplements,somatropin|vitamin d,iron supplements|multivitamins,untreated_endocrine_disorder,evaluate endocrine nutritional and genetic causes,who|nice,moderate
emotional symptoms,ssri|snri|psychotherapy,sertraline|fluoxetine,venlafaxine|buspirone,alcohol|stimulant,consider depression anxiety or stress related disorders,dsm5|nice,mild_moderate
elbow weakness,nsaid|physical_therapy_agents|corticosteroid,ibuprofen|prednisolone,tramadol|naproxen,overuse|untreated_nerve_compression,evaluate for tendon injury or neuropathy,nice|who,moderate
back weakness,nsaid|muscle_relaxants|physical_therapy,ibuprofen|baclofen,diazepam short term|naproxen,long_term_opioid_use,evaluate for spinal cord or muscular disorder,nice|who,moderate_severe
pus in sputum,antibiotics|bronchodilator|corticosteroid,amoxicillin|salbutamol,azithromycin|prednisolone,smoking|delay_in_infection_treatment,commonly due to bacterial respiratory infection,who|nice|gold,moderate_severe
symptoms of the scrotum and testes,antibiotics|analgesics|surgical_management,doxycycline|ibuprofen,ceftriaxone|naproxen,delay_in_torsion_treatment,evaluate for epididymitis orchitis or testicular torsion,who|nice,severe
swelling of scrotum,antibiotics|analgesics|surgical_management,doxycycline|ibuprofen,ceftriaxone|naproxen,delay_in_torsion_treatment,evaluate for epididymitis hydrocele or torsion,who|nice,severe
pain in testicles,analgesics|antibiotics|surgical_management,ibuprofen|doxycycline,ceftriaxone|naproxen,delay_in_torsion_treatment,evaluate urgently for torsion infection or trauma,who|nice,severe
flatulence,antiflatulents|prokinetics|antispasmodics,simethicone|domperidone,hyoscine|activated charcoal,carbonated_drinks|excess_fiber,dietary modification recommended,mayo_clinic|nice,mild
pus draining from ear,antibiotics|analgesics|ear_drops,amoxicillin|paracetamol,ciprofloxacin ear drops|ibuprofen,delay_in_otitis_treatment,evaluate for otitis media or externa,who|nice,moderate
jaundice,antivirals|supportive_therapy|ursodeoxycholic_acid,tenofovir|supportive care,entecavir|vitamin k,alcohol|hepatotoxic_drugs,evaluate liver function urgently,who|nice,severe
mass in scrotum,antibiotics|analgesics|surgical_evaluation,doxycycline|ibuprofen,naproxen|ceftriaxone,delay_in_imaging_evaluation,evaluate for tumor hydrocele or hernia,nice|who,severe
white discharge from eye,antibiotics|lubricating_drops,chloramphenicol eye drops|artificial tears,ciprofloxacin eye drops|erythromycin eye ointment,steroid_drops_without_prescription,often bacterial conjunctivitis,who|nice,mild_moderate
irritable infant,analgesics|simethicone|supportive_care,paracetamol|simethicone,probiotics|oral rehydration solution,unsafe_dosing|honey_in_infants,assess for colic infection or fever,who|nice,mild_moderate
abusing alcohol,benzodiazepines_short_term|vitamin_supplementation|psychotherapy,diazepam|thiamine,naltrexone|acamprosate,continued_alcohol_intake,manage withdrawal and provide counseling,who|dsm5,moderate_severe
fainting,fluids|beta_blockers_if_cardiac|antiarrhythmic,oral fluids|metoprolol,amiodarone|iv fluids,delay_in_cardiac_evaluation,evaluate for vasovagal or cardiac causes,aha|acc,severe
hostile behavior,antipsychotic|mood_stabilizers|benzodiazepines_short_term,risperidone|valproate,olanzapine|lithium,alcohol|stimulant,evaluate for psychiatric disorder or substance use,apa|dsm5,moderate_severe
drug abuse,behavioral_therapy|opioid_antagonists|substitution_therapy,naltrexone|buprenorphine,methadone|clonidine,continued_substance_use,requires addiction specialist support,who|dsm5,severe
sharp abdominal pain,analgesics|ppi|antibiotics_if_infection,paracetamol|omeprazole,ciprofloxacin|metronidazole,delay_in_surgical_evaluation,evaluate urgently for appendicitis or obstruction,who|nice,severe
feeling ill,analgesics|antipyretics|supportive_therapy,paracetamol|oral rehydration solution,ibuprofen|vitamin c,untreated_infection,identify underlying cause,who|nice,mild_moderate
vomiting,antiemetics|oral_rehydration_therapy,ondansetron|oral rehydration solution,metoclopramide|domperidone,untreated_dehydration,assess for infection obstruction or pregnancy,who|nice,moderate
headache,analgesics|triptans|beta_blocker,ibuprofen|sumatriptan,propranolol|naproxen,overuse_of_analgesics,evaluate for migraine tension or secondary causes,who|nice,mild_moderate
nausea,antiemetics|antihistamine,ondansetron|meclizine,metoclopramide|promethazine,untreated_dehydration,identify underlying gastrointestinal or systemic cause,who|nice,mild_moderate
diarrhea,oral_rehydration_therapy|antidiarrheals|probiotics,oral rehydration solution|loperamide,racecadotril|azithromycin,antimotility_agents_in_bloody_diarrhea|untreated_dehydration,assess for infection and dehydration,who|nice,mild_moderate
vaginal itching,antifungals|antihistamine|topical_corticosteroids,clotrimazole|fluconazole,miconazole|hydrocortisone cream,unnecessary_antibiotic_use|irritants,often due to candidiasis or allergy,who|nice,mild
vaginal dryness,local_estrogen_therapy|lubricants|moisturizers,vaginal estrogen|water based lubricants,ospemifene|systemic estrogen,smoking|irritant_products,common in menopause,nice|mayo_clinic,mild
painful urination,antibiotics|analgesics|urinary_alkalinizers,nitrofurantoin|paracetamol,trimethoprim|phenazopyridine,delay_in_uti_treatment,usually urinary tract infection,who|nice,moderate
involuntary urination,anticholinergics|beta_3_agonists|pelvic_floor_therapy,oxybutynin|mirabegron,tolterodine|botulinum toxin,excess_caffeine|untreated_obstruction,evaluate stress or urge incontinence,nice|who,moderate
pain during intercourse,lubricants|local_estrogen|antifungals,water based lubricants|vaginal estrogen,clotrimazole|fluconazole,untreated_infection|irritants,assess for infection or hormonal cause,nice|mayo_clinic,moderate
frequent urination,antibiotics|anticholinergics|behavioral_therapy,nitrofurantoin|oxybutynin,mirabegron|trimethoprim,excess_caffeine|untreated_diabetes,evaluate infection diabetes or overactive bladder,who|nice,moderate
lower abdominal pain,analgesics|antibiotics_if_infection|antispasmodics,paracetamol|nitrofurantoin,ibuprofen|metronidazole,delay_in_surgical_evaluation,evaluate gynecological urinary or gastrointestinal cause,who|nice,moderate_severe
vaginal discharge,antifungals|antibiotics|antiprotozoals,clotrimazole|metronidazole,fluconazole|doxycycline,unnecessary_antibiotic_use,evaluate for candidiasis bacterial vaginosis or sti,who|nice,moderate
blood in urine,antibiotics|hemostatic_agents|surgical_evaluation,nitrofurantoin|tranexamic acid,ciprofloxacin|cystoscopy,delay_in_urological_evaluation,assess for infection stones or malignancy,nice|who,severe
hot flashes,hormone_therapy|ssri|snri,estrogen therapy|venlafaxine,paroxetine|gabapentin,smoking|untreated_menopause_symptoms,common in menopause,nice|mayo_clinic,mild_moderate
intermenstrual bleeding,hormonal_therapy|tranexamic_acid|nsaid,combined oral contraceptives|tranexamic acid,progesterone therapy|ibuprofen,delay_in_gynecological_evaluation,evaluate for hormonal imbalance or pathology,nice|who,moderate
hand or finger pain,nsaid|analgesics|corticosteroid_injections,ibuprofen|paracetamol,naproxen|prednisolone,long_term_opioid_use,evaluate for arthritis or injury,nice|who,mild_moderate
wrist pain,nsaid|analgesics|splinting,ibuprofen|paracetamol,naproxen|prednisolone,overuse|untreated_fracture,evaluate for sprain arthritis or carpal tunnel,nice|who,mild_moderate
hand or finger swelling,nsaid|corticosteroid|diuretics_if_edema,ibuprofen|prednisolone,furosemide|naproxen,untreated_infection|delay_in_evaluation,evaluate for inflammation injury or edema,who|nice,moderate
arm pain,nsaid|analgesics|physical_therapy,ibuprofen|paracetamol,naproxen|tramadol,untreated_fracture|overuse,evaluate for musculoskeletal or nerve cause,nice|who,mild_moderate
wrist swelling,nsaid|corticosteroid|splinting,ibuprofen|prednisolone,naproxen|furosemide,delay_in_infection_treatment,evaluate for sprain arthritis or infection,who|nice,moderate
arm stiffness or tightness,nsaid|muscle_relaxants|physical_therapy,ibuprofen|baclofen,diazepam short term|naproxen,long_term_opioid_use,evaluate for muscular or neurological cause,nice|who,moderate
arm swelling,diuretics|nsaid|compression_therapy,furosemide|ibuprofen,prednisolone|naproxen,untreated_lymphedema|infection,evaluate for injury infection or vascular cause,who|nice,moderate
hand or finger stiffness or tightness,nsaid|physical_therapy|corticosteroid,ibuprofen|prednisolone,naproxen|methotrexate,long_term_opioid_use,evaluate for arthritis or tendon disorder,nice|who,moderate
wrist stiffness or tightness,nsaid|physical_therapy|corticosteroid,ibuprofen|prednisolone,naproxen|methotrexate,long_term_opioid_use,evaluate for arthritis or tendon disorder,nice|who,moderate
lip swelling,antihistamine|corticosteroid|epinephrine,loratadine|prednisolone,epinephrine|diphenhydramine,allergen_exposure|delay_in_treatment,possible angioedema requires urgent care,who|nice,moderate_severe
toothache,analgesics|antibiotics,paracetamol|ibuprofen,amoxicillin|metronidazole,delay_in_dental_treatment,evaluate for dental infection or caries,who|nice,moderate
abnormal appearing skin,topical_corticosteroids|antifungals|antibiotics,hydrocortisone cream|clotrimazole,mupirocin|fluconazole,unnecessary_steroid_use,evaluate for dermatitis infection or rash,who|nice,mild_moderate
skin lesion,topical_corticosteroids|antibiotics|surgical_excision,hydrocortisone cream|mupirocin,cryotherapy|biopsy,delay_in_dermatology_evaluation,assess for benign or malignant lesion,who|nice,moderate
acne or pimples,topical_retinoids|benzoyl_peroxide|antibiotics,adapalene|benzoyl peroxide,doxycycline|isotretinoin,unnecessary_steroid_creams,common in adolescence,nice|who,mild_moderate
dry lips,emollients|lip_balms|topical_corticosteroids,petroleum jelly|lanolin balm,hydrocortisone cream|vitamin e,licking_lips|dehydration,maintain hydration and protection,mayo_clinic|who,mild
facial pain,analgesics|antibiotics_if_sinusitis|anticonvulsants,paracetamol|amoxicillin,carbamazepine|ibuprofen,delay_in_infection_treatment,evaluate sinus or trigeminal neuralgia cause,nice|who,moderate
mouth ulcer,topical_corticosteroids|antiseptics,triamcinolone paste|chlorhexidine mouthwash,benzydamine|vitamin b complex,smoking|spicy_foods,often aphthous ulcer,who|nice,mild
skin growth,surgical_excision|cryotherapy|topical_therapy,cryotherapy|imiquimod,excision biopsy|electrocautery,delay_in_dermatology_review,evaluate for wart or tumor,who|nice,moderate
eye deviation,patch_therapy|corrective_lenses|surgery,corrective lenses|patching,strabismus surgery|botulinum toxin,delay_in_ophthalmology_referral,often strabismus,nice|mayo_clinic,moderate
diminished vision,corrective_lenses|corticosteroids_if_inflammation|surgery,corrective lenses|prednisolone eye drops,cataract surgery|anti vegf,delay_in_ophthalmic_evaluation,assess for cataract glaucoma or retinal disease,who|nice,severe
double vision,corticosteroid|patch_therapy|surgery,prednisolone|patching,strabismus surgery|prisms,delay_in_neurological_evaluation,evaluate for nerve palsy or stroke,who|nice,severe
cross-eyed,patch_therapy|corrective_lenses|surgery,corrective lenses|patching,strabismus surgery|botulinum toxin,delay_in_referral,often childhood strabismus,nice|mayo_clinic,moderate
symptoms of eye,lubricants|antibiotics|antihistamine,artificial tears|chloramphenicol eye drops,cetirizine|ciprofloxacin eye drops,steroid_drops_without_prescription,evaluate underlying eye condition,who|nice,mild_moderate
pain in eye,analgesics|antibiotics|corticosteroid,paracetamol|chloramphenicol eye drops,prednisolone eye drops|ibuprofen,delay_in_ophthalmic_evaluation,evaluate for infection or glaucoma,who|nice,severe
eye moves abnormally,corticosteroid|antiepileptics|surgery,prednisolone|levetiracetam,strabismus surgery|botulinum toxin,delay_in_neurological_evaluation,evaluate for nystagmus or nerve disorder,who|nice,severe
abnormal movement of eyelid,botulinum_toxin|anticonvulsants,botulinum toxin|clonazepam,carbamazepine|baclofen,untreated_neurological_disorder,often blepharospasm,nice|who,moderate
foreign body sensation in eye,lubricants|antibiotics,artificial tears|chloramphenicol eye drops,ciprofloxacin eye drops|eye irrigation,rubbing_eye,evaluate for corneal abrasion,who|nice,moderate
irregular appearing scalp,antifungals|topical_corticosteroids|medicated_shampoo,ketoconazole shampoo|hydrocortisone lotion,terbinafine|coal tar shampoo,harsh_hair_products,often fungal or dermatitis related,who|nice,mild
swollen lymph nodes,antibiotics|analgesics,amoxicillin|paracetamol,doxycycline|ibuprofen,delay_in_evaluation_if_persistent,evaluate infection or malignancy cause,who|nice,moderate_severe
back pain,nsaid|muscle_relaxants|physical_therapy,ibuprofen|baclofen,naproxen|diazepam short term,long_term_opioid_use,common musculoskeletal cause,nice|who,mild_moderate
neck pain,nsaid|muscle_relaxants|physical_therapy,ibuprofen|baclofen,naproxen|diazepam short term,poor_posture,assess muscular strain,nice|who,mild_moderate
low back pain,nsaid|muscle_relaxants|physical_therapy,ibuprofen|baclofen,naproxen|tramadol,long_term_opioid_use,evaluate mechanical cause,nice|who,mild_moderate
pain of the anus,analgesics|topical_corticosteroids|laxatives,paracetamol|hydrocortisone cream,lidocaine ointment|psyllium,constipation,evaluate hemorrhoids or fissure,who|nice,moderate
pain during pregnancy,analgesics|antispasmodics,paracetamol|hyoscine,ibuprofen in third trimester,delay_in_obstetric_evaluation,consult obstetric care,who|nice,moderate_severe
pelvic pain,analgesics|antibiotics_if_infection|hormonal_therapy,paracetamol|doxycycline,combined oral contraceptives|ibuprofen,delay_in_gynecological_evaluation,evaluate infection or endometriosis,who|nice,moderate
impotence,pde5_inhibitors|psychotherapy,sildenafil|tadalafil,alprostadil|testosterone,smoking|untreated_diabetes,evaluate cardiovascular risk,who|nice,moderate
infant spitting up,feeding_modification|thickened_feeds|proton_pump_inhibitors_if_severe,feeding adjustment|omeprazole,ranitidine|domperidone,overfeeding,often physiologic reflux,who|nice,mild
vomiting blood,ppi|endoscopic_therapy|blood_transfusion,omeprazole iv|endoscopy,tranexamic acid|surgery,delay_in_emergency_care,possible gastrointestinal bleeding emergency,who|nice,severe
regurgitation,ppi|feeding_modification,omeprazole|feeding adjustment,ranitidine|domperidone,overeating|lying_flat_after_meals,often reflux related,who|nice,mild_moderate
burning abdominal pain,ppi|antacids|h2_blockers,omeprazole|antacids,famotidine|sucralfate,nsaid|smoking,often gastritis or ulcer,who|nice,moderate
restlessness,ssri|benzodiazepines_short_term|psychotherapy,sertraline|diazepam,buspirone|propranolol,alcohol|stimulant,evaluate anxiety disorder,dsm5|nice,mild_moderate
symptoms of infants,supportive_care|oral_rehydration|analgesics,oral rehydration solution|paracetamol,probiotics|simethicone,unsafe_dosing,assess for infection or dehydration,who|nice,mild_moderate
wheezing,bronchodilator|corticosteroid,salbutamol inhaler|prednisolone,ipratropium|montelukast,smoking|allergen_exposure,often asthma related,gina|who,moderate_severe
peripheral edema,diuretics|compression_therapy|salt_restriction,furosemide|compression stockings,spironolactone|prednisolone,untreated_heart_failure,evaluate cardiac renal or liver cause,who|nice,moderate_severe
neck mass,antibiotics|surgical_evaluation,amoxicillin|biopsy,doxycycline|excision,delay_in_imaging,evaluate for infection or tumor,who|nice,severe
ear pain,analgesics|antibiotics,paracetamol|amoxicillin,ibuprofen|ciprofloxacin ear drops,delay_in_treatment,evaluate otitis media or externa,who|nice,moderate
jaw swelling,antibiotics|analgesics,amoxicillin|ibuprofen,metronidazole|naproxen,delay_in_dental_evaluation,evaluate dental abscess,who|nice,moderate
mouth dryness,saliva_substitutes|pilocarpine|hydration,artificial saliva|pilocarpine,cevimeline|lozenges,dehydration|anticholinergic_drugs,often medication related,who|nice,mild
neck swelling,antibiotics|antiinflammatory_agents|surgical_evaluation,amoxicillin|ibuprofen,doxycycline|biopsy,delay_in_imaging,evaluate thyroid or lymph node cause,who|nice,moderate_severe
knee pain,nsaid|analgesics|physical_therapy,ibuprofen|paracetamol,naproxen|prednisolone,long_term_opioid_use,evaluate for arthritis or injury,nice|who,mild_moderate
foot or toe pain,nsaid|analgesics|rest,ibuprofen|paracetamol,naproxen|tramadol,untreated_fracture,evaluate for gout injury or strain,nice|who,mild_moderate
bowlegged or knock-kneed,vitamin_d_supplementation|orthopedic_management,vitamin d|calcium,bracing|surgery,delay_in_orthopedic_referral,often rickets or developmental cause,who|nice,moderate
ankle pain,nsaid|analgesics|rest,ibuprofen|paracetamol,naproxen|prednisolone,untreated_sprain,evaluate for sprain or arthritis,nice|who,mild_moderate
bones are painful,analgesics|vitamin_d|bisphosphonates,paracetamol|vitamin d,alendronate|ibuprofen,untreated_osteoporosis,evaluate metabolic bone disease,who|nice,moderate
knee weakness,physical_therapy|nsaid|corticosteroid,ibuprofen|prednisolone,naproxen|methotrexate,untreated_ligament_injury,evaluate structural damage,nice|who,moderate
elbow pain,nsaid|analgesics|rest,ibuprofen|paracetamol,naproxen|prednisolone,overuse,evaluate tendonitis,nice|who,mild_moderate
knee swelling,nsaid|corticosteroid|aspiration,ibuprofen|prednisolone,naproxen|methotrexate,untreated_infection,evaluate for arthritis or effusion,nice|who,moderate
skin moles,surgical_excision|dermatology_monitoring,excision biopsy|dermoscopy,cryotherapy|laser therapy,delay_in_evaluation_for_change,monitor for melanoma signs,who|nice,mild_moderate
knee lump or mass,imaging|surgical_evaluation,ultrasound|biopsy,excision|mri,delay_in_evaluation,evaluate cyst or tumor,who|nice,severe
weight gain,dietary_management|physical_activity|behavioral_therapy,calorie restriction|exercise,orlistat|metformin,unhealthy_diet,evaluate endocrine cause,who|nice,mild_moderate
problems with movement,physical_therapy|dopaminergic_agents|muscle_relaxants,levodopa|baclofen,carbidopa|diazepam short term,untreated_neurological_disorder,evaluate neurological cause,who|nice,moderate_severe
knee stiffness or tightness,nsaid|physical_therapy|corticosteroid,ibuprofen|prednisolone,naproxen|methotrexate,long_term_opioid_use,evaluate arthritis,nice|who,moderate
leg swelling,diuretics|compression_therapy|salt_restriction,furosemide|compression stockings,spironolactone|prednisolone,untreated_heart_failure,evaluate cardiac renal cause,who|nice,moderate_severe
foot or toe swelling,nsaid|diuretics|rest,ibuprofen|furosemide,naproxen|prednisolone,untreated_infection,evaluate gout or injury,who|nice,moderate
heartburn,ppi|antacids|h2_blockers,omeprazole|antacids,famotidine|sucralfate,smoking|nsaid,often gastroesophageal reflux,who|nice,mild_moderate
smoking problems,nicotine_replacement_therapy|behavioral_therapy,nicotine patch|varenicline,bupropion|counseling,continued_tobacco_use,require cessation support,who|nice,moderate
muscle pain,nsaid|analgesics|rest,ibuprofen|paracetamol,naproxen|baclofen,long_term_opioid_use,evaluate strain or infection,who|nice,mild_moderate
infant feeding problem,feeding_support|lactation_counseling|supplemental_feeding,lactation support|formula supplementation,proton pump inhibitors if reflux,unsafe_feeding_practices,evaluate growth and hydration,who|nice,moderate
recent weight loss,nutritional_support|appetite_stimulants|diagnostic_evaluation,dietary supplementation|megestrol,high calorie diet|treat underlying cause,untreated_malignancy,evaluate underlying disease,who|nice,severe
problems with shape or size of breast,hormonal_evaluation|surgical_consultation,imaging|endocrine assessment,surgery|hormonal therapy,delay_in_evaluation,evaluate benign or malignant cause,who|nice,moderate
underweight,nutritional_supplementation|dietary_counseling,high calorie diet|vitamin supplements,appetite stimulants|enteral feeding,untreated_eating_disorder,evaluate underlying cause,who|nice,moderate
difficulty eating,nutritional_support|speech_therapy|treat_underlying_cause,dietary modification|omeprazole,enteral feeding|surgery,delay_in_evaluation,evaluate dysphagia cause,who|nice,moderate_severe
scanty menstrual flow,hormonal_therapy|iron_supplementation,progesterone therapy|iron supplements,combined oral contraceptives|evaluation,delay_in_gynecological_assessment,evaluate hormonal imbalance,who|nice,mild_moderate
vaginal pain,analgesics|antifungals|lubricants,paracetamol|clotrimazole,fluconazole|water based lubricants,untreated_infection,evaluate infection or trauma,who|nice,moderate
vaginal redness,antifungals|antibiotics|topical_corticosteroids,clotrimazole|metronidazole,hydrocortisone cream|fluconazole,irritants|unnecessary_antibiotics,evaluate infection,who|nice,mild_moderate
vulvar irritation,antifungals|topical_corticosteroids|antihistamine,clotrimazole|hydrocortisone cream,loratadine|fluconazole,harsh_soaps|irritants,often allergic or fungal cause,who|nice,mild
weakness,nutritional_support|treat_underlying_cause|physical_therapy,vitamin supplementation|rehabilitation,iron supplements|diagnostic evaluation,untreated_anemia,evaluate systemic cause,who|nice,moderate
decreased heart rate,atropine|pacemaker|monitoring,atropine|cardiac monitoring,pacemaker insertion|dopamine,delay_in_emergency_care,evaluate conduction disorder,aha|acc,severe
increased heart rate,beta_blocker|treat_underlying_cause,metoprolol|iv fluids,amiodarone|diltiazem,stimulant|untreated_hyperthyroidism,evaluate cardiac rhythm,aha|acc,moderate_severe
bleeding or discharge from nipple,imaging|antibiotics_if_infection,mammography|amoxicillin,biopsy|surgical evaluation,delay_in_breast_evaluation,evaluate malignancy risk,who|nice,severe
ringing in ear,antidepressant|sound_therapy|counseling,sertraline|sound therapy,betahistine|hearing aids,excess_noise_exposure,often tinnitus,who|nice,mild_moderate
plugged feeling in ear,decongestant|antihistamine|ear_drops,loratadine|oxymetazoline,fluticasone|ear irrigation,long_term_decongestant_use,often eustachian tube dysfunction,who|nice,mild
itchy ear(s),antihistamine|topical_corticosteroids,loratadine|hydrocortisone drops,cetirizine|acetic acid drops,q_tip_overuse,often dermatitis,who|nice,mild
frontal headache,analgesics|triptans,paracetamol|sumatriptan,ibuprofen|propranolol,analgesic_overuse,evaluate migraine or sinus cause,who|nice,mild_moderate
fluid in ear,antibiotics|decongestant|surgical_drainage,amoxicillin|loratadine,tympanostomy tubes|fluticasone,delay_in_treatment,often otitis media,who|nice,moderate
neck stiffness or tightness,nsaid|muscle_relaxants|physical_therapy,ibuprofen|baclofen,naproxen|diazepam short term,evaluate_meningitis_if_fever,assess musculoskeletal cause,who|nice,moderate
spots or clouds in vision,anti_vegf|corticosteroid|laser_therapy,ranibizumab|prednisolone eye drops,laser photocoagulation|surgery,delay_in_ophthalmology_referral,evaluate retinal disease,who|nice,severe
eye redness,lubricants|antibiotics|antihistamine,artificial tears|chloramphenicol eye drops,cetirizine|ciprofloxacin eye drops,steroid_drops_without_prescription,often conjunctivitis,who|nice,mild_moderate
lacrimation,antihistamine|lubricants,loratadine|artificial tears,fluticasone|ketotifen eye drops,allergen_exposure,often allergy related,who|nice,mild
itchiness of eye,antihistamine|mast_cell_stabilizers,loratadine|ketotifen eye drops,cetirizine|olopatadine,rubbing_eyes,often allergic conjunctivitis,who|nice,mild
blindness,surgery|anti_vegf|corticosteroid,cataract surgery|ranibizumab,prednisolone eye drops|laser therapy,delay_in_emergency_care,urgent ophthalmology referral,who|nice,severe
eye burns or stings,lubricants|antibiotics,artificial tears|chloramphenicol eye drops,ciprofloxacin eye drops|irrigation,rubbing_eyes,evaluate chemical or infection cause,who|nice,moderate
itchy eyelid,antihistamine|topical_corticosteroids,loratadine|hydrocortisone cream,cetirizine|ketotifen eye drops,allergen_exposure,often dermatitis,who|nice,mild
feeling cold,warming_measures|thyroid_evaluation,thyroid hormone replacement|supportive care,iron supplements|diagnostic evaluation,untreated_hypothyroidism,evaluate endocrine cause,who|nice,mild_moderate
decreased appetite,nutritional_support|appetite_stimulants,dietary counseling|megestrol,cyproheptadine|enteral feeding,untreated_depression,evaluate systemic cause,who|nice,moderate
excessive appetite,dietary_counseling|behavioral_therapy|metformin,calorie control|exercise,orlistat|psychotherapy,uncontrolled_diabetes,evaluate endocrine cause,who|nice,moderate
excessive anger,psychotherapy|mood_stabilizers|ssri,cognitive behavioral therapy|sertraline,valproate|lithium,alcohol|stimulant,evaluate mood disorder,dsm5|nice,moderate
loss of sensation,treat_underlying_cause|corticosteroid|vitamin_supplementation,vitamin b complex|prednisolone,physical therapy|diagnostic evaluation,delay_in_neurological_assessment,evaluate neuropathy,who|nice,severe
focal weakness,stroke_management|antiplatelet|rehabilitation,aspirin|rehabilitation,thrombolysis|physical therapy,delay_in_emergency_care,possible stroke,aha|who,severe
slurring words,stroke_management|speech_therapy,aspirin|rehabilitation,thrombolysis|speech therapy,delay_in_emergency_care,possible neurological emergency,aha|who,severe
symptoms of the face,analgesics|corticosteroid|antibiotics,paracetamol|prednisolone,amoxicillin|ibuprofen,evaluate_neurological_cause,assess facial nerve disorder,who|nice,moderate
disturbance of memory,cognitive_therapy|acetylcholinesterase_inhibitors,donepezil|cognitive training,memantine|vitamin supplementation,untreated_dementia,evaluate neurological cause,who|nice,moderate_severe
paresthesia,vitamin_supplementation|treat_underlying_cause|corticosteroid,vitamin b complex|prednisolone,gabapentin|physical therapy,untreated_neuropathy,evaluate neurological disorder,who|nice,moderate
side pain,analgesics|antibiotics_if_infection|imaging,paracetamol|ibuprofen,ciprofloxacin|ultrasound,delay_in_evaluation,evaluate renal or musculoskeletal cause,who|nice,moderate
fever,antipyretics|antibiotics_if_bacterial,paracetamol|ibuprofen,amoxicillin|ceftriaxone,untreated_severe_infection,evaluate infection source,who|nice,moderate_severe
shoulder pain,nsaid|analgesics|physical_therapy,ibuprofen|paracetamol,naproxen|prednisolone,overuse|untreated_injury,evaluate rotator cuff disorder,nice|who,mild_moderate
shoulder stiffness or tightness,nsaid|physical_therapy|corticosteroid,ibuprofen|prednisolone,naproxen|methotrexate,long_term_opioid_use,evaluate frozen shoulder,nice|who,moderate
shoulder weakness,physical_therapy|nsaid|corticosteroid,rehabilitation|ibuprofen,prednisolone|naproxen,untreated_tear,evaluate structural damage,nice|who,moderate
arm cramps or spasms,muscle_relaxants|electrolyte_replacement,baclofen|oral rehydration solution,diazepam short term|magnesium,untreated_electrolyte_imbalance,evaluate dehydration or nerve cause,who|nice,moderate
shoulder swelling,nsaid|corticosteroid|rest,ibuprofen|prednisolone,naproxen|aspiration,delay_in_evaluation,evaluate bursitis or infection,who|nice,moderate
tongue lesions,topical_corticosteroids|antifungals,triamcinolone paste|clotrimazole,fluconazole|chlorhexidine,smoking|irritants,evaluate infection or malignancy,who|nice,moderate
leg cramps or spasms,muscle_relaxants|electrolyte_replacement,baclofen|magnesium,diazepam short term|oral rehydration solution,dehydration,evaluate electrolyte imbalance,who|nice,mild_moderate
abnormal appearing tongue,antifungals|vitamin_supplementation,clotrimazole|vitamin b complex,fluconazole|iron supplements,smoking,evaluate anemia or infection,who|nice,moderate
ache all over,analgesics|rest|hydration,paracetamol|ibuprofen,naproxen|evaluation,untreated_infection,evaluate viral illness,who|nice,mild_moderate
lower body pain,nsaid|analgesics|physical_therapy,ibuprofen|paracetamol,naproxen|baclofen,long_term_opioid_use,evaluate musculoskeletal cause,nice|who,moderate
problems during pregnancy,obstetric_care|supplementation,prenatal vitamins|iron supplements,antihypertensives|insulin,delay_in_obstetric_evaluation,regular antenatal monitoring,who|nice,moderate_severe
spotting or bleeding during pregnancy,obstetric_evaluation|progesterone_therapy,progesterone|ultrasound monitoring,surgical management|hospital admission,delay_in_emergency_care,evaluate miscarriage risk,who|nice,severe
cramps and spasms,muscle_relaxants|electrolyte_replacement,baclofen|magnesium,diazepam short term|hydration,dehydration,evaluate metabolic cause,who|nice,mild_moderate
upper abdominal pain,ppi|analgesics|antibiotics_if_infection,omeprazole|paracetamol,metronidazole|ciprofloxacin,delay_in_evaluation,evaluate ulcer or gallbladder cause,who|nice,moderate_severe
stomach bloating,antiflatulents|prokinetics,simethicone|domperidone,hyoscine|dietary modification,carbonated_drinks,dietary adjustment recommended,mayo_clinic|nice,mild
changes in stool appearance,diagnostic_evaluation|dietary_modification,fiber supplementation|colonoscopy,iron supplements|hydration,delay_in_colon_evaluation,evaluate gastrointestinal disease,who|nice,moderate
unusual color or odor to urine,antibiotics|hydration,nitrofurantoin|oral fluids,trimethoprim|ciprofloxacin,delay_in_uti_treatment,evaluate infection,who|nice,moderate
kidney mass,imaging|surgical_evaluation,ct scan|biopsy,nephrectomy|oncology referral,delay_in_evaluation,evaluate malignancy,who|nice,severe
swollen abdomen,diuretics|paracentesis|salt_restriction,furosemide|spironolactone,paracentesis|albumin,untreated_liver_disease,evaluate ascites cause,who|nice,severe
symptoms of prostate,alpha_blocker|5_alpha_reductase_inhibitors,tamsulosin|finasteride,dutasteride|surgery,untreated_obstruction,evaluate benign prostatic hyperplasia,nice|who,moderate
leg stiffness or tightness,nsaid|muscle_relaxants|physical_therapy,ibuprofen|baclofen,naproxen|diazepam short term,long_term_opioid_use,evaluate neurological cause,nice|who,moderate
difficulty breathing,bronchodilator|corticosteroid|oxygen_therapy,salbutamol inhaler|oxygen,ipratropium|prednisolone,delay_in_emergency_care,evaluate asthma or cardiac cause,gina|who,severe
rib pain,nsaid|analgesics|rest,ibuprofen|paracetamol,naproxen|evaluation,untreated_fracture,evaluate trauma,who|nice,moderate
joint pain,nsaid|analgesics|disease_modifying_agents,ibuprofen|paracetamol,methotrexate|prednisolone,long_term_opioid_use,evaluate arthritis,nice|who,moderate
muscle stiffness or tightness,nsaid|muscle_relaxants|physical_therapy,ibuprofen|baclofen,diazepam short term|naproxen,long_term_opioid_use,evaluate neuromuscular cause,nice|who,moderate
pallor,iron_supplementation|treat_underlying_cause,iron supplements|vitamin b12,blood transfusion|diagnostic evaluation,untreated_anemia,evaluate hematologic disorder,who|nice,moderate_severe
hand or finger lump or mass,imaging|surgical_evaluation,ultrasound|biopsy,excision|mri,delay_in_evaluation,evaluate cyst or tumor,who|nice,moderate_severe
chills,antipyretics|antibiotics_if_infection,paracetamol|ibuprofen,amoxicillin|ceftriaxone,untreated_sepsis,evaluate infection source,who|nice,moderate
groin pain,nsaid|analgesics|antibiotics_if_infection,ibuprofen|paracetamol,doxycycline|naproxen,delay_in_evaluation,evaluate hernia or infection,who|nice,moderate
fatigue,nutritional_support|treat_underlying_cause,iron supplements|vitamin supplementation,antidepressants|diagnostic evaluation,untreated_anemia,evaluate systemic cause,who|nice,mild_moderate
abdominal distention,antiflatulents|diuretics|diagnostic_evaluation,simethicone|furosemide,spironolactone|paracentesis,untreated_liver_disease,evaluate ascites or obstruction,who|nice,moderate_severe
regurgitation.1,ppi|feeding_modification,omeprazole|dietary adjustment,ranitidine|domperidone,overeating|lying_flat_after_meals,often reflux related,who|nice,mild_moderate
symptoms of the kidneys,antibiotics|hydration|imaging,nitrofurantoin|oral fluids,ciprofloxacin|ct scan,delay_in_evaluation,evaluate renal infection or stones,who|nice,moderate_severe
melena,ppi|endoscopic_therapy,omeprazole iv|endoscopy,tranexamic acid|surgery,delay_in_emergency_care,upper gastrointestinal bleeding,who|nice,severe
flushing,beta_blocker|hormonal_therapy,propranolol|hormone therapy,clonidine|diagnostic evaluation,untreated_endocrine_disorder,evaluate hormonal cause,who|nice,mild_moderate
coughing up sputum,antibiotics|bronchodilator|corticosteroid,amoxicillin|salbutamol,azithromycin|prednisolone,smoking,evaluate respiratory infection,who|gold,moderate
seizures,antiepileptics|emergency_management,levetiracetam|diazepam,phenytoin|valproate,delay_in_emergency_care,neurological emergency,who|nice,severe
delusions or hallucinations,antipsychotic|psychotherapy,risperidone|olanzapine,quetiapine|clozapine,alcohol|stimulant,evaluate psychotic disorder,apa|dsm5,severe
shoulder cramps or spasms,muscle_relaxants|electrolyte_replacement,baclofen|magnesium,diazepam short term|hydration,dehydration,evaluate metabolic cause,who|nice,moderate
joint stiffness or tightness,nsaid|physical_therapy|corticosteroid,ibuprofen|prednisolone,naproxen|methotrexate,long_term_opioid_use,evaluate arthritis,nice|who,moderate
pain or soreness of breast,analgesics|antibiotics_if_infection,paracetamol|amoxicillin,ibuprofen|surgical evaluation,delay_in_evaluation,evaluate mastitis or cyst,who|nice,moderate
excessive urination at night,alpha_blocker|desmopressin|behavioral_therapy,tamsulosin|desmopressin,oxybutynin|mirabegron,excess_caffeine,evaluate prostate or diabetes,nice|who,moderate
bleeding from eye,urgent_ophthalmology_care|corticosteroid,prednisolone eye drops|evaluation,surgery|hospital admission,delay_in_emergency_care,evaluate trauma or infection,who|nice,severe
rectal bleeding,ppi|endoscopy|surgical_evaluation,omeprazole|colonoscopy,tranexamic acid|surgery,delay_in_emergency_care,evaluate hemorrhoids or malignancy,who|nice,severe
constipation,laxatives|fiber_supplementation|hydration,psylium|lactulose,bisacodyl|dietary modification,untreated_obstruction,increase fiber and fluids,who|nice,mild_moderate
temper problems,psychotherapy|mood_stabilizers|ssri,cognitive behavioral therapy|sertraline,valproate|lithium,alcohol|stimulant,evaluate mood disorder,dsm5|nice,moderate
coryza,antihistamine|decongestant|intranasal_corticosteroid,loratadine|oxymetazoline,fluticasone|cetirizine,long_term_decongestant_use,often viral or allergic,who|nice,mild
wrist weakness,physical_therapy|nsaid|corticosteroid,rehabilitation|ibuprofen,prednisolone|naproxen,untreated_nerve_compression,evaluate carpal tunnel,nice|who,moderate
eye strain,lubricants|rest|corrective_lenses,artificial tears|vision correction,antihistamines|evaluation,excess_screen_time,encourage visual breaks,mayo_clinic|nice,mild
hemoptysis,antibiotics|bronchoscopy|hospital_admission,amoxicillin|diagnostic bronchoscopy,azithromycin|ct scan,delay_in_emergency_care,evaluate tuberculosis or malignancy,who|nice,severe
lymphedema,compression_therapy|diuretics|physical_therapy,compression stockings|furosemide,manual lymph drainage|spironolactone,untreated_infection,evaluate lymphatic obstruction,who|nice,moderate
skin on leg or foot looks infected,antibiotics|wound_care,amoxicillin|topical mupirocin,cephalexin|clindamycin,delay_in_treatment,evaluate cellulitis,who|nice,moderate_severe
allergic reaction,antihistamine|corticosteroid|epinephrine,loratadine|prednisolone,epinephrine|diphenhydramine,allergen_exposure,anaphylaxis risk,who|nice,severe
congestion in chest,bronchodilator|expectorants|antibiotics_if_infection,salbutamol|guaifenesin,amoxicillin|prednisolone,smoking,evaluate respiratory infection,who|gold,moderate
muscle swelling,nsaid|rest|corticosteroid,ibuprofen|prednisolone,naproxen|evaluation,untreated_injury,evaluate trauma or inflammation,who|nice,moderate
pus in urine,antibiotics|hydration,nitrofurantoin|oral fluids,ciprofloxacin|trimethoprim,delay_in_treatment,evaluate urinary tract infection,who|nice,moderate
abnormal size or shape of ear,surgical_evaluation|imaging,otolaryngology referral|imaging,surgical correction|biopsy,delay_in_evaluation,evaluate congenital or tumor cause,who|nice,moderate
low back weakness,physical_therapy|nsaid|neurological_evaluation,rehabilitation|ibuprofen,prednisolone|imaging,delay_in_evaluation,evaluate spinal pathology,who|nice,moderate_severe
sleepiness,stimulant_therapy|sleep_hygiene,modafinil|behavioral therapy,caffeine|evaluation,untreated_sleep_disorder,evaluate underlying cause,who|nice,mild_moderate
apnea,cpab_therapy|weight_reduction|surgery,cpab device|lifestyle modification,surgical intervention|oxygen,untreated_sleep_apnea,evaluate obstructive cause,who|nice,severe
abnormal breathing sounds,bronchodilator|antibiotics|imaging,salbutamol|amoxicillin,prednisolone|ct scan,delay_in_evaluation,evaluate pneumonia or asthma,who|nice,severe
excessive growth,endocrine_therapy|surgical_management,hormone regulation|somatostatin analogs,surgery|radiotherapy,untreated_hormonal_disorder,evaluate endocrine cause,who|nice,moderate
elbow cramps or spasms,muscle_relaxants|electrolyte_replacement,baclofen|magnesium,diazepam short term|hydration,dehydration,evaluate metabolic cause,who|nice,mild_moderate
feeling hot and cold,antipyretics|thyroid_evaluation,paracetamol|thyroid hormone replacement,antibiotics|diagnostic evaluation,untreated_infection,evaluate endocrine or infection cause,who|nice,moderate
blood clots during menstrual periods,trenexamic_acid|hormonal_therapy,trenexamic acid|combined oral contraceptives,progesterone therapy|ibuprofen,delay_in_gynecological_evaluation,evaluate bleeding disorder,who|nice,moderate
absence of menstruation,hormonal_therapy|evaluation,progesterone therapy|thyroid testing,combined oral contraceptives|fertility therapy,untreated_endocrine_disorder,evaluate pregnancy or hormonal cause,who|nice,moderate
pulling at ears,analgesics|antibiotics,paracetamol|amoxicillin,ibuprofen|ear drops,delay_in_treatment,evaluate otitis media,who|nice,mild_moderate
gum pain,analgesics|antibiotics,paracetamol|amoxicillin,ibuprofen|metronidazole,delay_in_dental_care,evaluate gingivitis,who|nice,moderate
redness in ear,antibiotics|analgesics,amoxicillin|paracetamol,ibuprofen|ear drops,delay_in_treatment,evaluate infection,who|nice,moderate
fluid retention,diuretics|salt_restriction,furosemide|spironolactone,compression therapy|evaluation,untreated_heart_failure,evaluate cardiac renal cause,who|nice,moderate_severe
flu-like syndrome,antipyretics|rest|hydration,paracetamol|oral fluids,ibuprofen|antivirals,if_indicated,symptomatic treatment,who|nice,mild_moderate
sinus congestion,antihistamine|decongestant|intranasal_corticosteroid,loratadine|oxymetazoline,fluticasone|amoxicillin,long_term_decongestant_use,often viral or allergic,who|nice,mild
painful sinuses,analgesics|antibiotics_if_bacterial,paracetamol|amoxicillin,ibuprofen|fluticasone,delay_in_treatment,evaluate sinusitis,who|nice,moderate
fears and phobias,ssri|psychotherapy,sertraline|cognitive behavioral therapy,paroxetine|buspirone,alcohol|stimulant,evaluate anxiety disorder,dsm5|nice,moderate
recent pregnancy,postnatal_care|iron_supplementation,prenatal vitamins|iron supplements,antihypertensives|insulin,if_needed,monitor postpartum health,who|nice,moderate
uterine contractions,obstetric_monitoring|tocolytics,if preterm monitoring|magnesium sulfate,nifedipine|hospital admission,delay_in_emergency_care,evaluate labor risk,who|nice,severe
burning chest pain,ppi|antacids,omeprazole|antacids,famotidine|sucralfate,smoking|nsaid,evaluate reflux or cardiac cause,who|nice,moderate_severe
back cramps or spasms,muscle_relaxants|nsaid,baclofen|ibuprofen,diazepam short term|naproxen,dehydration,evaluate musculoskeletal cause,who|nice,mild_moderate
stiffness all over,nsaid|physical_therapy|muscle_relaxants,ibuprofen|baclofen,naproxen|prednisolone,long_term_opioid_use,evaluate systemic cause,who|nice,moderate
muscle cramps contractures or spasms,muscle_relaxants|electrolyte_replacement,baclofen|magnesium,diazepam short term|hydration,dehydration,evaluate metabolic cause,who|nice,moderate
low back cramps or spasms,muscle_relaxants|nsaid,baclofen|ibuprofen,diazepam short term|naproxen,poor_posture,evaluate musculoskeletal cause,who|nice,mild_moderate
back mass or lump,imaging|biopsy,ct scan|ultrasound,excision|mri,delay_in_evaluation,evaluate tumor or cyst,who|nice,severe
nosebleed,local_pressure|nasal_packing|tranexamic_acid,local pressure|tranexamic acid,nasal cautery|hospital admission,picking_nose,evaluate bleeding disorder,who|nice,moderate
long menstrual periods,hormonal_therapy|tranexamic_acid,combined oral contraceptives|tranexamic acid,progesterone therapy|ibuprofen,delay_in_gynecological_evaluation,evaluate hormonal imbalance,who|nice,moderate
heavy menstrual flow,trenexamic_acid|hormonal_therapy,trenexamic acid|combined oral contraceptives,progesterone therapy|iron supplements,evaluate_anemia_risk,who|nice guidelines,moderate,unknown
unpredictable menstruation,hormonal_therapy|evaluation,combined oral contraceptives|thyroid testing,progesterone therapy|fertility therapy,untreated_endocrine_disorder,evaluate hormonal cause,who|nice,moderate
painful menstruation,nsaid|hormonal_therapy,ibuprofen|combined oral contraceptives,naproxen|progesterone therapy,delay_in_evaluation,evaluate dysmenorrhea,who|nice,mild_moderate
infertility,fertility_therapy|hormonal_evaluation,clomiphene|ivf,progesterone therapy|surgery,untreated_endocrine_disorder,evaluate reproductive cause,who|nice,severe
frequent menstruation,hormonal_therapy|evaluation,combined oral contraceptives|thyroid testing,progesterone therapy|iron supplements,evaluate_hormonal_imbalance,who|nice guidelines,moderate,unknown
sweating,beta_blocker|anticholinergics,propranolol|glycopyrrolate,antiperspirants|botulinum toxin,untreated_endocrine_disorder,evaluate hyperhidrosis,who|nice,mild_moderate
mass on eyelid,surgical_excision|antibiotics,incision drainage|amoxicillin,cryotherapy|biopsy,delay_in_evaluation,evaluate chalazion or tumor,who|nice,moderate
swollen eye,antibiotics|corticosteroid,amoxicillin|prednisolone,ciprofloxacin|hospital admission,delay_in_treatment,evaluate orbital cellulitis,who|nice,severe
eyelid swelling,antihistamine|antibiotics,loratadine|amoxicillin,prednisolone|ciprofloxacin,allergen_exposure,evaluate infection or allergy,who|nice,moderate
eyelid lesion or rash,topical_corticosteroids|antibiotics,hydrocortisone cream|mupirocin,antifungals|biopsy,steroid_misuse,evaluate dermatitis,who|nice,mild_moderate
unwanted hair,hormonal_therapy|laser_therapy,oral contraceptives|laser removal,spironolactone|electrolysis,untreated_endocrine_disorder,evaluate polycystic ovary syndrome,who|nice,moderate
symptoms of bladder,antibiotics|anticholinergics,nitrofurantoin|oxybutynin,trimethoprim|mirabegron,delay_in_evaluation,evaluate urinary tract disorder,who|nice,moderate
irregular appearing nails,antifungals|vitamin_supplementation,terbinafine|vitamin b complex,clotrimazole|iron supplements,untreated_infection,evaluate fungal infection,who|nice,mild_moderate
itching of skin,antihistamine|topical_corticosteroids,loratadine|hydrocortisone cream,cetirizine|calamine lotion,allergen_exposure,often allergy related,who|nice,mild
hurts to breath,analgesics|bronchodilator|imaging,ibuprofen|salbutamol,ct scan|prednisolone,delay_in_emergency_care,evaluate pleurisy or pulmonary cause,who|nice,severe
nailbiting,behavioral_therapy|ssri,cognitive behavioral therapy|fluoxetine,habit reversal therapy|sertraline,stress_triggers,often anxiety related,dsm5|nice,mild
skin dryness peeling scaliness or roughness,emollients|topical_corticosteroids,petroleum jelly|hydrocortisone cream,urea cream|antihistamines,harsh_soaps,maintain skin hydration,who|nice,mild
skin on arm or hand looks infected,antibiotics|wound_care,amoxicillin|mupirocin,cephalexin|clindamycin,delay_in_treatment,evaluate cellulitis,who|nice,moderate
skin irritation,antihistamine|topical_corticosteroids,loratadine|hydrocortisone cream,cetirizine|calamine lotion,allergen_exposure,often dermatitis,who|nice,mild
itchy scalp,antifungals|medicated_shampoo|topical_corticosteroids,ketoconazole shampoo|hydrocortisone lotion,terbinafine|coal tar shampoo,harsh_hair_products,often dandruff or fungal,who|nice,mild
hip swelling,nsaid|corticosteroid|rest,ibuprofen|prednisolone,naproxen|aspiration,delay_in_evaluation,evaluate arthritis or bursitis,who|nice,moderate
incontinence of stool,antidiarrheals|pelvic_floor_therapy,loperamide|biofeedback,surgery|anticholinergics,untreated_obstruction,evaluate neurological cause,nice|who,moderate
foot or toe cramps or spasms,muscle_relaxants|electrolyte_replacement,baclofen|magnesium,diazepam short term|hydration,dehydration,evaluate electrolyte imbalance,who|nice,mild_moderate
warts,cryotherapy|topical_salicylic_acid,cryotherapy|salicylic acid,imiquimod|laser therapy,picking_lesions,human papillomavirus related,who|nice,mild
bumps on penis,antifungals|antibiotics|dermatology_evaluation,clotrimazole|doxycycline,acyclovir|biopsy,unprotected_intercourse,evaluate sexually transmitted infection,who|nice,moderate
too little hair,hormonal_therapy|nutritional_support,minoxidil|iron supplements,hormone replacement|finasteride,untreated_endocrine_disorder,evaluate hormonal cause,who|nice,moderate
foot or toe lump or mass,imaging|biopsy,ultrasound|biopsy,excision|mri,delay_in_evaluation,evaluate cyst or tumor,who|nice,moderate_severe
skin rash,antihistamine|topical_corticosteroids,loratadine|hydrocortisone cream,cetirizine|calamine lotion,allergen_exposure,evaluate allergic or infectious cause,who|nice,mild_moderate
mass or swelling around the anus,topical_corticosteroids|surgical_evaluation,hydrocortisone cream|examination,excision|band ligation,constipation,evaluate hemorrhoids or abscess,who|nice,moderate
low back swelling,nsaid|imaging|rest,ibuprofen|ultrasound,prednisolone|mri,delay_in_evaluation,evaluate infection or tumor,who|nice,moderate_severe
ankle swelling,diuretics|compression_therapy,furosemide|compression stockings,spironolactone|evaluation,untreated_heart_failure,evaluate cardiac or injury cause,who|nice,moderate
hip lump or mass,imaging|biopsy,ultrasound|biopsy,excision|mri,delay_in_evaluation,evaluate cyst or tumor,who|nice,severe
drainage in throat,antihistamine|decongestant,loratadine|oxymetazoline,fluticasone|amoxicillin,long_term_decongestant_use,often postnasal drip,who|nice,mild
dry or flaky scalp,antifungals|medicated_shampoo,ketoconazole shampoo|coal tar shampoo,terbinafine|hydrocortisone lotion,harsh_products,often seborrheic dermatitis,who|nice,mild
premenstrual tension or irritability,ssri|hormonal_therapy,fluoxetine|combined oral contraceptives,sertraline|progesterone therapy,alcohol|stimulant,evaluate premenstrual syndrome,dsm5|nice,moderate
feeling hot,hormone_therapy|beta_blocker,estrogen therapy|propranolol,clonidine|evaluation,untreated_endocrine_disorder,evaluate hormonal cause,who|nice,mild_moderate
feet turned in,orthopedic_management|physical_therapy,bracing|rehabilitation,surgery|casting,delay_in_evaluation,evaluate developmental cause,who|nice,moderate
foot or toe stiffness or tightness,nsaid|physical_therapy,ibuprofen|rehabilitation,naproxen|prednisolone,long_term_opioid_use,evaluate arthritis,who|nice,moderate
pelvic pressure,analgesics|antibiotics_if_infection,paracetamol|doxycycline,ibuprofen|hormonal therapy,delay_in_evaluation,evaluate pelvic disorder,who|nice,moderate
elbow swelling,nsaid|rest|corticosteroid,ibuprofen|prednisolone,naproxen|aspiration,delay_in_evaluation,evaluate bursitis,who|nice,moderate
elbow stiffness or tightness,nsaid|physical_therapy,ibuprofen|rehabilitation,naproxen|prednisolone,long_term_opioid_use,evaluate arthritis,who|nice,moderate
early or late onset of menopause,hormone_therapy|evaluation,estrogen therapy|thyroid testing,progesterone therapy|fertility counseling,untreated_endocrine_disorder,evaluate hormonal imbalance,who|nice,moderate
mass on ear,imaging|biopsy,ultrasound|biopsy,excision|mri,delay_in_evaluation,evaluate tumor or cyst,who|nice,moderate_severe
bleeding from ear,antibiotics|urgent_evaluation,amoxicillin|examination,ciprofloxacin|hospital admission,delay_in_emergency_care,evaluate trauma or infection,who|nice,severe
hand or finger weakness,physical_therapy|neurological_evaluation,rehabilitation|imaging,prednisolone|surgery,delay_in_evaluation,evaluate nerve compression,who|nice,moderate
low self-esteem,psychotherapy|ssri,cognitive behavioral therapy|sertraline,fluoxetine|counseling,alcohol|stimulant,evaluate depressive disorder,dsm5|nice,moderate
throat irritation,antihistamine|ppi,loratadine|omeprazole,famotidine|fluticasone,smoking,evaluate allergy or reflux,who|nice,mild
itching of the anus,topical_corticosteroids|antifungals,hydrocortisone cream|clotrimazole,miconazole|calamine lotion,poor_hygiene,evaluate fungal or hemorrhoids,who|nice,mild_moderate
swollen or red tonsils,antibiotics|analgesics,amoxicillin|paracetamol,ibuprofen|ceftriaxone,delay_in_treatment,evaluate tonsillitis,who|nice,moderate
irregular belly button,imaging|surgical_evaluation,ultrasound|examination,surgery|biopsy,delay_in_evaluation,evaluate hernia,who|nice,moderate
swollen tongue,antihistamine|corticosteroid|epinephrine,loratadine|prednisolone,epinephrine|diphenhydramine,allergen_exposure,possible angioedema,who|nice,severe
lip sore,topical_antivirals|analgesics,acyclovir cream|paracetamol,docosanol|ibuprofen,irritants,often herpes simplex,who|nice,mild
vulvar sore,antivirals|antibiotics,acyclovir|doxycycline,clotrimazole|ceftriaxone,unprotected_intercourse,evaluate sexually transmitted infection,who|nice,moderate
hip stiffness or tightness,nsaid|physical_therapy,ibuprofen|rehabilitation,naproxen|prednisolone,long_term_opioid_use,evaluate arthritis,who|nice,moderate
mouth pain,analgesics|antiseptics,paracetamol|chlorhexidine mouthwash,ibuprofen|antifungals,smoking,evaluate infection or ulcer,who|nice,mild_moderate
arm weakness,physical_therapy|neurological_evaluation,rehabilitation|imaging,prednisolone|surgery,delay_in_evaluation,evaluate nerve or muscle disorder,who|nice,moderate_severe
leg lump or mass,imaging|biopsy,ultrasound|biopsy,excision|mri,delay_in_evaluation,evaluate cyst or tumor,who|nice,severe
disturbance of smell or taste,antihistamine|zinc_supplementation,loratadine|zinc supplements,fluticasone|evaluation,smoking,evaluate infection or neurological cause,who|nice,mild_moderate
discharge in stools,antibiotics|hydration,ciprofloxacin|oral fluids,metronidazole|evaluation,delay_in_treatment,evaluate infection,who|nice,moderate
penis pain,analgesics|antibiotics,paracetamol|doxycycline,ceftriaxone|naproxen,unprotected_intercourse,evaluate infection or trauma,who|nice,moderate
loss of sex drive,hormonal_therapy|psychotherapy,testosterone therapy|cognitive behavioral therapy,ssris adjustment|evaluation,alcohol|untreated_depression,evaluate endocrine or psychological cause,dsm5|nice,moderate
obsessions and compulsions,ssri|psychotherapy,fluoxetine|cognitive behavioral therapy,sertraline|clomipramine,alcohol|stimulant,evaluate obsessive compulsive disorder,dsm5|nice,severe
antisocial behavior,psychotherapy|mood_stabilizers,cognitive behavioral therapy|valproate,lithium|ssris,alcohol|stimulant,evaluate personality disorder,dsm5|nice,moderate_severe
neck cramps or spasms,muscle_relaxants|nsaid,baclofen|ibuprofen,diazepam short term|naproxen,dehydration,evaluate musculoskeletal cause,who|nice,moderate
pupils unequal,urgent_neurological_evaluation|imaging,ct scan|neurology referral,mri|hospital admission,delay_in_emergency_care,possible brain injury,aha|who,severe
poor circulation,antiplatelet|lifestyle_modification,aspirin|exercise,statins|clopidogrel,smoking,evaluate peripheral vascular disease,who|nice,moderate
thirst,oral_hydration|diabetes_evaluation,oral fluids|blood glucose testing,insulin|metformin,untreated_diabetes,evaluate endocrine cause,who|nice,mild_moderate
sleepwalking,behavioral_therapy|safety_measures,melatonin|sleep hygiene,clonazepam|evaluation,sleep_deprivation,evaluate parasomnia,who|nice,mild_moderate
skin oiliness,topical_retinoids|benzoyl_peroxide,adapalene|benzoyl peroxide,isotretinoin|antibiotics,oily_cosmetics,often acne related,who|nice,mild
sneezing,antihistamine|intranasal_corticosteroid,loratadine|fluticasone,cetirizine|oxymetazoline,allergen_exposure,often allergic rhinitis,who|nice,mild
bladder mass,imaging|biopsy,ct scan|cystoscopy,surgical excision|oncology referral,delay_in_evaluation,evaluate malignancy,who|nice,severe
knee cramps or spasms,muscle_relaxants|electrolyte_replacement,baclofen|magnesium,diazepam short term|hydration,dehydration,evaluate metabolic cause,who|nice,moderate
premature ejaculation,ssri|behavioral_therapy,dapoxetine|cognitive behavioral therapy,paroxetine|topical anesthetic,alcohol|stress,evaluate psychological factors,who|nice,moderate
leg weakness,physical_therapy|neurological_evaluation,rehabilitation|imaging,prednisolone|surgery,delay_in_evaluation,evaluate nerve disorder,who|nice,moderate_severe
posture problems,physical_therapy|exercise_therapy,rehabilitation|core strengthening,bracing|evaluation,sedentary_lifestyle,evaluate musculoskeletal imbalance,who|nice,mild_moderate
bleeding in mouth,local_pressure|antiseptics,pressure application|chlorhexidine mouthwash,vitamin k|dental care,untreated_bleeding_disorder,evaluate oral lesion,who|nice,moderate
tongue bleeding,local_pressure|antiseptics,pressure application|chlorhexidine mouthwash,suture|evaluation,delay_in_care,evaluate trauma or lesion,who|nice,moderate
change in skin mole size or color,dermatology_evaluation|biopsy,dermoscopy|biopsy,excision|mri,delay_in_evaluation,evaluate melanoma risk,who|nice,severe
penis redness,antifungals|antibiotics,clotrimazole|doxycycline,ceftriaxone|fluconazole,unprotected_intercourse,evaluate infection,who|nice,moderate
penile discharge,antibiotics|sti_evaluation,doxycycline|ceftriaxone,azithromycin|metronidazole,unprotected_intercourse,evaluate sexually transmitted infection,who|nice,moderate
shoulder lump or mass,imaging|biopsy,ultrasound|biopsy,excision|mri,delay_in_evaluation,evaluate cyst or tumor,who|nice,severe
polyuria,diabetes_management|hydration,insulin|metformin,desmopressin|evaluation,untreated_diabetes,evaluate endocrine cause,who|nice,moderate
cloudy eye,ophthalmology_evaluation|cataract_surgery,examination|cataract surgery,anti vegf|prednisolone,delay_in_referral,evaluate cataract,who|nice,severe
hysterical behavior,psychotherapy|antipsychotic,cognitive behavioral therapy|risperidone,olanzapine|ssris,alcohol|stimulant,evaluate psychiatric disorder,dsm5|nice,severe
arm lump or mass,imaging|biopsy,ultrasound|biopsy,excision|mri,delay_in_evaluation,evaluate tumor,who|nice,severe
nightmares,behavioral_therapy|ssri,cognitive behavioral therapy|sertraline,prazosin|evaluation,stress_triggers,evaluate anxiety disorder,dsm5|nice,mild_moderate
bleeding gums,dental_care|vitamin_supplementation,scaling|vitamin c,antibiotics|evaluation,poor_oral_hygiene,evaluate gingivitis,who|nice,moderate
pain in gums,analgesics|antibiotics,paracetamol|amoxicillin,ibuprofen|metronidazole,delay_in_dental_care,evaluate dental infection,who|nice,moderate
bedwetting,behavioral_therapy|desmopressin,bladder training|desmopressin,imipramine|alarm therapy,punishment,evaluate nocturnal enuresis,who|nice,moderate
diaper rash,topical_zinc_oxide|antifungals,zinc oxide|clotrimazole,hydrocortisone cream|miconazole,poor_hygiene,keep area dry,who|nice,mild
lump or mass of breast,imaging|biopsy,mammography|biopsy,excision|oncology referral,delay_in_evaluation,evaluate malignancy risk,who|nice,severe
vaginal bleeding after menopause,urgent_gynecological_evaluation|biopsy,ultrasound|biopsy,surgery|hormonal therapy,delay_in_evaluation,evaluate endometrial cancer,who|nice,severe
infrequent menstruation,hormonal_therapy|evaluation,combined oral contraceptives|thyroid testing,progesterone therapy|fertility therapy,untreated_endocrine_disorder,evaluate hormonal imbalance,who|nice,moderate
mass on vulva,biopsy|surgical_evaluation,examination|biopsy,excision|oncology referral,delay_in_evaluation,evaluate malignancy,who|nice,severe
jaw pain,analgesics|antibiotics,paracetamol|amoxicillin,ibuprofen|metronidazole,delay_in_dental_evaluation,evaluate dental abscess,who|nice,moderate
itching of scrotum,antifungals|antihistamine,clotrimazole|loratadine,miconazole|hydrocortisone cream,poor_hygiene,evaluate fungal infection,who|nice,mild_moderate
postpartum problems of the breast,antibiotics|analgesics,amoxicillin|paracetamol,ibuprofen|surgical drainage,delay_in_evaluation,evaluate mastitis,who|nice,moderate
eyelid retracted,thyroid_evaluation|ophthalmology_referral,thyroid hormone testing|lubricants,surgery|steroids,delay_in_evaluation,evaluate thyroid eye disease,who|nice,moderate
hesitancy,alpha_blocker|urology_evaluation,tamsulosin|evaluation,finasteride|surgery,untreated_obstruction,evaluate benign prostatic hyperplasia,who|nice,moderate
elbow lump or mass,imaging|biopsy,ultrasound|biopsy,excision|mri,delay_in_evaluation,evaluate cyst or tumor,who|nice,severe
muscle weakness,physical_therapy|neurological_evaluation,rehabilitation|imaging,prednisolone|surgery,delay_in_evaluation,evaluate neuromuscular disorder,who|nice,moderate_severe
throat redness,antibiotics|analgesics,amoxicillin|paracetamol,ibuprofen|ceftriaxone,delay_in_treatment,evaluate pharyngitis,who|nice,moderate
joint swelling,nsaid|corticosteroid,ibuprofen|prednisolone,naproxen|methotrexate,delay_in_evaluation,evaluate arthritis,who|nice,moderate
tongue pain,analgesics|antiseptics,paracetamol|chlorhexidine mouthwash,ibuprofen|antifungals,smoking,evaluate ulcer or infection,who|nice,mild_moderate
redness in or around nose,antihistamine|topical_corticosteroids,loratadine|hydrocortisone cream,fluticasone|mupirocin,allergen_exposure,evaluate dermatitis,who|nice,mild
wrinkles on skin,topical_retinoids|moisturizers,tretinoin|emollients,laser therapy|antioxidants,excess_sun_exposure,photoaging related,who|nice,mild
foot or toe weakness,physical_therapy|neurological_evaluation,rehabilitation|imaging,prednisolone|surgery,delay_in_evaluation,evaluate nerve disorder,who|nice,moderate
hand or finger cramps or spasms,muscle_relaxants|electrolyte_replacement,baclofen|magnesium,diazepam short term|hydration,dehydration,evaluate metabolic cause,who|nice,moderate
back stiffness or tightness,nsaid|physical_therapy,ibuprofen|rehabilitation,naproxen|baclofen,long_term_opioid_use,evaluate musculoskeletal cause,who|nice,moderate
wrist lump or mass,imaging|biopsy,ultrasound|biopsy,excision|mri,delay_in_evaluation,evaluate ganglion cyst,who|nice,moderate_severe
skin pain,analgesics|topical_corticosteroids,paracetamol|hydrocortisone cream,ibuprofen|antihistamines,evaluate_infection,evaluate dermatologic cause,who|nice,moderate
low back stiffness or tightness,nsaid|physical_therapy,ibuprofen|rehabilitation,naproxen|baclofen,long_term_opioid_use,evaluate musculoskeletal cause,who|nice,moderate
low urine output,fluid_resuscitation|renal_evaluation,iv fluids|monitoring,dialysis|hospital admission,delay_in_emergency_care,evaluate renal failure,who|nice,severe
skin on head or neck looks infected,antibiotics|wound_care,amoxicillin|mupirocin,cephalexin|clindamycin,delay_in_treatment,evaluate cellulitis,who|nice,moderate
stuttering or stammering,speech_therapy|behavioral_therapy,speech therapy|cognitive behavioral therapy,ssris|evaluation,stress_triggers,evaluate speech disorder,who|nice,mild_moderate
problems with orgasm,psychotherapy|hormonal_evaluation,cognitive behavioral therapy|hormone testing,ssris adjustment|counseling,alcohol|untreated_depression,evaluate psychological cause,dsm5|nice,moderate
nose deformity,surgical_evaluation|imaging,ct scan|otolaryngology referral,reconstructive surgery|biopsy,delay_in_evaluation,evaluate structural abnormality,who|nice,moderate
lump over jaw,imaging|biopsy,ultrasound|biopsy,excision|mri,delay_in_evaluation,evaluate tumor or abscess,who|nice,severe
sore in nose,topical_antibiotics|saline_irrigation,mupirocin|saline spray,oral antibiotics|evaluation,picking_nose,evaluate infection,who|nice,mild_moderate
hip weakness,physical_therapy|neurological_evaluation,rehabilitation|imaging,prednisolone|surgery,delay_in_evaluation,evaluate nerve disorder,who|nice,moderate
back swelling,nsaid|imaging|rest,ibuprofen|ultrasound,prednisolone|mri,delay_in_evaluation,evaluate infection or tumor,who|nice,moderate_severe
ankle stiffness or tightness,nsaid|physical_therapy,ibuprofen|rehabilitation,naproxen|prednisolone,long_term_opioid_use,evaluate arthritis,who|nice,moderate
ankle weakness,physical_therapy|neurological_evaluation,rehabilitation|imaging,prednisolone|surgery,delay_in_evaluation,evaluate nerve disorder,who|nice,moderate
neck weakness,physical_therapy|neurological_evaluation,rehabilitation|imaging,prednisolone|surgery,delay_in_evaluation,evaluate neuromuscular disorder,who|nice,moderate_severe
